,date,company,rank,title,link
0,2023-01-05,세계일보,1,[내일날씨] 전국 흐리고 오후부터 눈이나 비…빙판길 주의,https://n.news.naver.com/article/022/0003771311?ntype=RANKING
1,2023-01-05,세계일보,2,관사에서 700m 떨어진 곳서 저체온증으로 숨진 교사… 왜?,https://n.news.naver.com/article/022/0003771310?ntype=RANKING
2,2023-01-05,세계일보,3,‘동거녀·택시 기사 살해’ 이기영 집서 나온 ‘마지막 DNA’ 청소 도우미였다…안전 확인,https://n.news.naver.com/article/022/0003771280?ntype=RANKING
3,2023-01-05,세계일보,4,[단독] 월세 75만원… 청년행복주택 ‘그림의 떡’,https://n.news.naver.com/article/022/0003771306?ntype=RANKING
4,2023-01-05,세계일보,5,28년 만에 막 내린 사기극…의대 졸업한 무면허 ‘가짜의사’ 덜미,https://n.news.naver.com/article/022/0003771308?ntype=RANKING
5,2023-01-05,전자신문,1,휴대폰 개통 마감시간 1월 10일부터 오후 8시로 통일,https://n.news.naver.com/article/030/0003070661?ntype=RANKING
6,2023-01-05,전자신문,2,"'환불대란' 머지포인트, 영업재개 논란",https://n.news.naver.com/article/030/0003070646?ntype=RANKING
7,2023-01-05,전자신문,3,"'저렴이' 모델 나올까...""애플, '에어팟 라이트' 개발 중""",https://n.news.naver.com/article/030/0003070553?ntype=RANKING
8,2023-01-05,전자신문,4,"""美가 먼저 잘못했다""…中, 남중국해 정찰기 6m 근접비행 영상 맞불 공개",https://n.news.naver.com/article/030/0003070748?ntype=RANKING
9,2023-01-05,전자신문,5,"[CES 2023] 98형 네오 QLED 8K, 오디세이 네오 G9 등 삼성이 선보인 신상 가격대는",https://n.news.naver.com/article/030/0003070550?ntype=RANKING
10,2023-01-05,국민일보,1,찬송가 부르며 엉엉 운 공수처장 “부적절한 언행 사과”,https://n.news.naver.com/article/005/0001578130?ntype=RANKING
11,2023-01-05,국민일보,2,엄마뻘에 ‘날아차기’ 중학생들…1명 구속·2명 소년원,https://n.news.naver.com/article/005/0001578098?ntype=RANKING
12,2023-01-05,국민일보,3,“동묘에서 영감 얻었나?”…한글 적힌 320만원 구찌 신상품은,https://n.news.naver.com/article/005/0001578078?ntype=RANKING
13,2023-01-05,국민일보,4,사우디 간 호날두 “남아공서 마지막 아냐” 말실수,https://n.news.naver.com/article/005/0001577852?ntype=RANKING
14,2023-01-05,국민일보,5,"[단독]“뇌전증 2000만원, 환불 불가”…‘악질 계약서’ 입수",https://n.news.naver.com/article/005/0001578114?ntype=RANKING
15,2023-01-05,한국경제TV,1,"둔촌주공, 중도금 대출에 급반전…""미계약 5% 미만""",https://n.news.naver.com/article/215/0001075782?ntype=RANKING
16,2023-01-05,한국경제TV,2,밤 새서 마련한 카카오의 보상…알고보니 자동결제,https://n.news.naver.com/article/215/0001075734?ntype=RANKING
17,2023-01-05,한국경제TV,3,"'부자아빠' 기요사키 ""비트코인 추가 매수중...알트코인 대부분 사라질것""",https://n.news.naver.com/article/215/0001075628?ntype=RANKING
18,2023-01-05,한국경제TV,4,"""연금부터 챙기자""…새해 세테크 이렇게",https://n.news.naver.com/article/215/0001075775?ntype=RANKING
19,2023-01-05,한국경제TV,5,"""월 이자 100만 원 늘었다""…고금리 내몰린 취약층",https://n.news.naver.com/article/215/0001075779?ntype=RANKING
20,2023-01-05,뉴스1,1,내린 눈도 다 못 치웠는데…토요일까지 최대 10㎝ 더 온다,https://n.news.naver.com/article/421/0006560082?ntype=RANKING
21,2023-01-05,뉴스1,2,'코로나 격리거부' 도주 40대 중국인 6번째 방한…이번에도 성형수술?,https://n.news.naver.com/article/421/0006561106?ntype=RANKING
22,2023-01-05,뉴스1,3,[내일날씨] 서울 최대 5㎝ 눈…수도권부터 영호남까지 미세먼지(종합),https://n.news.naver.com/article/421/0006561206?ntype=RANKING
23,2023-01-05,뉴스1,4,"""규제 풀렸다"" 매물 거두는 서울…아파트값 32주만에 하락폭 줄었다",https://n.news.naver.com/article/421/0006560443?ntype=RANKING
24,2023-01-05,뉴스1,5,"대통령실 ""尹, 4일 北무인기 'P-73' 침범 보고받고 공개 지시""(종합)",https://n.news.naver.com/article/421/0006561267?ntype=RANKING
25,2023-01-05,아시아경제,1,"""10만원 내고 밥까지 먹냐"" 면박…'축의금 논쟁' 재점화",https://n.news.naver.com/article/277/0005201431?ntype=RANKING
26,2023-01-05,아시아경제,2,"""적금 조금만 넣어주세요""...신협에서 또 읍소 사태",https://n.news.naver.com/article/277/0005201415?ntype=RANKING
27,2023-01-05,아시아경제,3,"시무식서 찬송가 부른 김진욱 공수처장…불교계 ""사퇴하라""",https://n.news.naver.com/article/277/0005201746?ntype=RANKING
28,2023-01-05,아시아경제,4,중국 반발에도…'속속' 빗장 닫는 세계,https://n.news.naver.com/article/277/0005201547?ntype=RANKING
29,2023-01-05,아시아경제,5,"김밥 셔틀, 현금 갈취·…'갑질' 일삼은 대형은행 부장",https://n.news.naver.com/article/277/0005201710?ntype=RANKING
30,2023-01-05,경향신문,1,[속보] 국정원 “북한 리용호 전 외무상 숙청 확인···처형 여부는 확인 안돼”,https://n.news.naver.com/article/032/0003197388?ntype=RANKING
31,2023-01-05,경향신문,2,"김진욱 공수처장, 시무식서 눈물의 찬송가…불교계 반발에 사과",https://n.news.naver.com/article/032/0003197431?ntype=RANKING
32,2023-01-05,경향신문,3,‘한국형 마리나베이’ 서울 혁신구역 조성,https://n.news.naver.com/article/032/0003197417?ntype=RANKING
33,2023-01-05,경향신문,4,"대통령실 “야당, 무인기 용산 침투 자료 어디서 받았냐” 김영배 “바이든-날리면 시즌2”",https://n.news.naver.com/article/032/0003197412?ntype=RANKING
34,2023-01-05,경향신문,5,넥슨 “카트라이더 3월 31일 서비스 종료…환불·보상 예정”,https://n.news.naver.com/article/032/0003197411?ntype=RANKING
35,2023-01-05,SBS,1,"""생일 축하"" 기름 뿌리고 '화르르'…청년 삶 무너졌다",https://n.news.naver.com/article/055/0001026107?ntype=RANKING
36,2023-01-05,SBS,2,"""30분 지각에 F학점""…항의하자 ""앞으로 학생 안 받아""",https://n.news.naver.com/article/055/0001026108?ntype=RANKING
37,2023-01-05,SBS,3,"거리두기 끝났는데…은행 업무 종료, 왜 아직 '3시 반'?",https://n.news.naver.com/article/055/0001026109?ntype=RANKING
38,2023-01-05,SBS,4,"[단독] ""음주운전 안 걸려야""…어느 운전자의 어리석은 도주",https://n.news.naver.com/article/055/0001026103?ntype=RANKING
39,2023-01-05,SBS,5,"[단독] 언론사 간부들에게 흘러간 수표…""명품 선물도""",https://n.news.naver.com/article/055/0001026101?ntype=RANKING
40,2023-01-05,서울경제,1,연초부터 또 악재 쏟아진다…피눈물 마를 일 없는 개미들,https://n.news.naver.com/article/011/0004141862?ntype=RANKING
41,2023-01-05,서울경제,2,"""여보, 나 로또 됐어!""…배우자에 알렸더니 '이혼율 급증'",https://n.news.naver.com/article/011/0004141897?ntype=RANKING
42,2023-01-05,서울경제,3,"""김정은 저녁마다 여성과 호텔""…父 김정일도 못 막았다",https://n.news.naver.com/article/011/0004141599?ntype=RANKING
43,2023-01-05,서울경제,4,히잡 벗고 긴머리 휘날린 '이란 여배우'…3주만에 풀려났다,https://n.news.naver.com/article/011/0004141908?ntype=RANKING
44,2023-01-05,서울경제,5,백종원 뭐 하나 봤더니…고향 '예산시장'서 맛집 컨설팅,https://n.news.naver.com/article/011/0004141889?ntype=RANKING
45,2023-01-05,조선일보,1,"“사진 찍어요” 팬 다가오자… 빌보드 래퍼, 물에 폰 던져 버렸다",https://n.news.naver.com/article/023/0003738776?ntype=RANKING
46,2023-01-05,조선일보,2,"국정원 “비밀경찰서 의혹 중식당 해명, 사실과 많이 다르다”",https://n.news.naver.com/article/023/0003738856?ntype=RANKING
47,2023-01-05,조선일보,3,“대신 사과드립니다”… 확진 중국인 도주에 中 네티즌도 비난,https://n.news.naver.com/article/023/0003738848?ntype=RANKING
48,2023-01-05,조선일보,4,두 발로 걷는 여우? 英 가정집 마당서 포착된 희귀영상 보니…,https://n.news.naver.com/article/023/0003738857?ntype=RANKING
49,2023-01-05,조선일보,5,"‘무고하다’ 입장문 낸 신성식, 檢조사땐 “한동훈에 사과하고 싶다”",https://n.news.naver.com/article/023/0003738851?ntype=RANKING
50,2023-01-05,오마이뉴스,1,"대통령실, 의혹 제기한 민주당 의원에 ""정보 어디서 났나?""",https://n.news.naver.com/article/047/0002378355?ntype=RANKING
51,2023-01-05,오마이뉴스,2,아이를 보낼 곳이 없어서... '극성 부모'가 되는 사람들,https://n.news.naver.com/article/047/0002378356?ntype=RANKING
52,2023-01-05,오마이뉴스,3,"돌아온 건 모욕과 계약해지, 어느 쿠쿠 점주의 비극",https://n.news.naver.com/article/047/0002378354?ntype=RANKING
53,2023-01-05,오마이뉴스,4,'라임 술접대' 기소 피한 검사... 그는 왜 대검 컴퓨터 포맷했나  [이슈와 검사],https://n.news.naver.com/article/047/0002378339?ntype=RANKING
54,2023-01-05,오마이뉴스,5,"""5·18 되살려라"" 719개 단체 이어 교육감들까지 요구",https://n.news.naver.com/article/047/0002378341?ntype=RANKING
55,2023-01-05,매일경제,1,"글로벌 팝스타, 셀카 찍자며 다가온 팬 휴대전화 물에 ‘휙’",https://n.news.naver.com/article/009/0005070809?ntype=RANKING
56,2023-01-05,매일경제,2,송혜교 ‘더 글로리’ 훔쳐본 중국인 6만명...불법 유통 기승,https://n.news.naver.com/article/009/0005070380?ntype=RANKING
57,2023-01-05,매일경제,3,“실업자 돕다 곳간 빌라”…文정부가 확 올린 실업급여 손질,https://n.news.naver.com/article/009/0005070808?ntype=RANKING
58,2023-01-05,매일경제,4,"빅뱅 탑 론칭 와인, 일주일만에 전세계 온라인물량 ‘완판’",https://n.news.naver.com/article/009/0005070798?ntype=RANKING
59,2023-01-05,매일경제,5,"“끝까지 파보자”…‘뇌전증 병역비리’, 래퍼에 승마선수도 연루",https://n.news.naver.com/article/009/0005070814?ntype=RANKING
60,2023-01-05,중앙일보,1,모친·아내·자식들도 속였다…'가짜의사'가 27년간 안걸린 까닭,https://n.news.naver.com/article/025/0003251366?ntype=RANKING
61,2023-01-05,중앙일보,2,소년팬 손 내리쳐 휴대폰 박살…호날두 1년뒤 '인과응보',https://n.news.naver.com/article/025/0003251402?ntype=RANKING
62,2023-01-05,중앙일보,3,"""짝퉁 소리 듣겠다""…한글로 '구찌' 쓰인 320만원짜리 신상 옷",https://n.news.naver.com/article/025/0003251391?ntype=RANKING
63,2023-01-05,중앙일보,4,"""줄줄이 계약 취소""…'내수 1위' 쏘렌토마저 출고기간 확 줄었다",https://n.news.naver.com/article/025/0003251344?ntype=RANKING
64,2023-01-05,중앙일보,5,엄마뻘에 대뜸 날아차기…키득대며 조롱한 중학생 1명 구속,https://n.news.naver.com/article/025/0003251415?ntype=RANKING
65,2023-01-05,이데일리,1,"""메이드인차이나 무적"", 검거 중국인 옷 눈길…5회 방한 이력",https://n.news.naver.com/article/018/0005401125?ntype=RANKING
66,2023-01-05,이데일리,2,"""동거녀 반지도 팔아""…이기영 전재산 62만원, '금품' 노린 듯",https://n.news.naver.com/article/018/0005400352?ntype=RANKING
67,2023-01-05,이데일리,3,"해리 왕자 250억짜리 폭로 첫편, ""윌리엄 공격에 개밥그릇 파편 박혀""",https://n.news.naver.com/article/018/0005401127?ntype=RANKING
68,2023-01-05,이데일리,4,걸어 다니는 보이스피싱 알바 등장…경찰에 현장 검거,https://n.news.naver.com/article/018/0005401133?ntype=RANKING
69,2023-01-05,이데일리,5,"푸틴 ""우크라 내 점령지역 러시아 땅 인정해야 휴전 대화""",https://n.news.naver.com/article/018/0005401136?ntype=RANKING
70,2023-01-05,MBC,1,"""옆집 가족이 안 보여요"" 찾아갔다‥미국이 '발칵'",https://n.news.naver.com/article/214/0001246072?ntype=RANKING
71,2023-01-05,MBC,2,"[단독] 159번째 희생자 이재현 군‥""총리 발언에 명예회복 결심""",https://n.news.naver.com/article/214/0001246086?ntype=RANKING
72,2023-01-05,MBC,3,'한동훈 녹취록 오보'‥2년 반 만에 제보자·KBS 기소,https://n.news.naver.com/article/214/0001246093?ntype=RANKING
73,2023-01-05,MBC,4,"탐지하고도 왜 몰랐나, 용산 대통령실 일대 촬영은?",https://n.news.naver.com/article/214/0001246079?ntype=RANKING
74,2023-01-05,MBC,5,코로나 '엔데믹' 가능할까‥다시 중국으로 쏠린 시선,https://n.news.naver.com/article/214/0001246084?ntype=RANKING
75,2023-01-05,파이낸셜뉴스,1,불법주차 1만1651건 신고한 시민...포상 얼만가 보니,https://n.news.naver.com/article/014/0004951553?ntype=RANKING
76,2023-01-05,파이낸셜뉴스,2,금리 20% 달하는데...현금서비스 줄섰다,https://n.news.naver.com/article/014/0004952100?ntype=RANKING
77,2023-01-05,파이낸셜뉴스,3,"""축의금 10만원 내고 아내랑 밥도 먹었냐"" 거지 취급한 직장 선배",https://n.news.naver.com/article/014/0004951555?ntype=RANKING
78,2023-01-05,파이낸셜뉴스,4,"北무인기 용산 촬영설에, 대통령실 ""구글어스가 더 자세히 서비스""",https://n.news.naver.com/article/014/0004952116?ntype=RANKING
79,2023-01-05,파이낸셜뉴스,5,"김주현 금융위원장 “은행 영업시간 코로나19 이전처럼 복원해야...우리금융 소송, 굉장히 불편”",https://n.news.naver.com/article/014/0004952117?ntype=RANKING
80,2023-01-05,머니투데이,1,"""집 안 팔래요"" 사라지는 급매물…아파트값 역대급 하락세 멈췄다",https://n.news.naver.com/article/008/0004837151?ntype=RANKING
81,2023-01-05,머니투데이,2,"""짝퉁소리 듣겠다"" 구찌 320만원 옷 반응이…'한글 로고' 뭐길래",https://n.news.naver.com/article/008/0004837075?ntype=RANKING
82,2023-01-05,머니투데이,3,"'흰 방역복' 입었던 그들, 갑자기 백수 됐다…수백만명 中 거리로",https://n.news.naver.com/article/008/0004836958?ntype=RANKING
83,2023-01-05,머니투데이,4,"""예금보다 매력있네"" 개미 우르르…한달 반만에 1.7조 몰린 이 ETF",https://n.news.naver.com/article/008/0004837062?ntype=RANKING
84,2023-01-05,머니투데이,5,"""왜 둘째 딸 김주애인가""…NYT, '김정은 후계자' 지목한 이유",https://n.news.naver.com/article/008/0004837201?ntype=RANKING
85,2023-01-05,데일리안,1,"‘스트롱맨’ 푸틴, 유럽 겨울 날씨에 속절없이 당한 사연",https://n.news.naver.com/article/119/0002673315?ntype=RANKING
86,2023-01-05,데일리안,2,"[단독] 배현진, 친윤 공부모임 '국민공감' 간사로 합류",https://n.news.naver.com/article/119/0002673302?ntype=RANKING
87,2023-01-05,데일리안,3,차에서 내리자마자 '후다닥'...격리 거부 중국인 도주 장면 보니 (영상),https://n.news.naver.com/article/119/0002673078?ntype=RANKING
88,2023-01-05,데일리안,4,"""밤에 땅 파느라 죽는줄 알았다"" 이기영…살해 여친 반지 처분해 40만원 챙겨",https://n.news.naver.com/article/119/0002672946?ntype=RANKING
89,2023-01-05,데일리안,5,"박지원 ""이재명, 김대중보다 훨씬 대단…꼿꼿이 버티고 있지 않나""",https://n.news.naver.com/article/119/0002673291?ntype=RANKING
90,2023-01-05,JTBC,1,"""이기영, 즐기고 있다""…'마지막 선물' 언급 장소서도 시신 못 찾아",https://n.news.naver.com/article/437/0000327748?ntype=RANKING
91,2023-01-05,JTBC,2,"[단독] 대대적 '국가보안법' 수사 나섰다…""북한 지령받아 국내 활동""",https://n.news.naver.com/article/437/0000327753?ntype=RANKING
92,2023-01-05,JTBC,3,비정규직에 주는 '코로나 지원금' 빼먹은 정규직 교직원들,https://n.news.naver.com/article/437/0000327751?ntype=RANKING
93,2023-01-05,JTBC,4,"이란 최고지도자 ""히잡 제대로 안 썼다고 이슬람 반대자 아니다""",https://n.news.naver.com/article/437/0000327716?ntype=RANKING
94,2023-01-05,JTBC,5,[트리거] '중성화' 고양이가 출산을…수상한 동물병원,https://n.news.naver.com/article/437/0000327760?ntype=RANKING
95,2023-01-05,헤럴드경제,1,“연봉 6천만원은 서럽네요” 1억원 안되면 가입도 못하는 채용앱,https://n.news.naver.com/article/016/0002087425?ntype=RANKING
96,2023-01-05,헤럴드경제,2,"“회당 수억원, 걸그룹 대단하네” 3일만에 100만명 몰린 카카오 실험",https://n.news.naver.com/article/016/0002087410?ntype=RANKING
97,2023-01-05,헤럴드경제,3,“12만원→120만원” 무려 10배 뛴 되팔이 ‘용돈벌이’ 이 정도였어?,https://n.news.naver.com/article/016/0002087282?ntype=RANKING
98,2023-01-05,헤럴드경제,4,"[르포] “우리집 먼저 팔아 달라던 집주인, 이제 가격 안깎겠데요” [부동산360]",https://n.news.naver.com/article/016/0002087427?ntype=RANKING
99,2023-01-05,헤럴드경제,5,"“촌스럽다 vs 신선” 320만원 구찌 옷, ‘한글 로고’ 떡하니",https://n.news.naver.com/article/016/0002087387?ntype=RANKING
100,2023-01-05,문화일보,1,尹이 던진 중대선거구제에 드러난 민주당 민낯...노무현 정신 없는 ‘노무현 후예’,https://n.news.naver.com/article/021/0002549962?ntype=RANKING
101,2023-01-05,문화일보,2,남북 ‘여권 파워’ 2위vs90위…北 무비자입국 가능국 1곳 늘어 ‘8곳’,https://n.news.naver.com/article/021/0002550145?ntype=RANKING
102,2023-01-05,문화일보,3,“文 정부 5년 만에 국민연금 등 5대 사회보험료 국민부담 44.7%↑”,https://n.news.naver.com/article/021/0002550141?ntype=RANKING
103,2023-01-05,문화일보,4,송파을 신년회에 모인 친윤 당권주자들…김기현 “尹과 통하는 사람 대표돼야”,https://n.news.naver.com/article/021/0002550142?ntype=RANKING
104,2023-01-05,문화일보,5,배구·축구에 이어 승마·볼링 선수도 줄줄이 ‘뇌전증 병역비리’ 연루,https://n.news.naver.com/article/021/0002550148?ntype=RANKING
105,2023-01-05,YTN,1,"'4명 사망' 호주 헬기 사고, 관광객이 조종사 어깨 두드려",https://n.news.naver.com/article/052/0001834319?ntype=RANKING
106,2023-01-05,YTN,2,"'격리 이탈' 중국인 확진자 검거...""아내와 호텔에 숨어""",https://n.news.naver.com/article/052/0001834337?ntype=RANKING
107,2023-01-05,YTN,3,"시무식에서 찬송가 부른 김진욱 공수처장...""종교편향적 언행 사과""",https://n.news.naver.com/article/052/0001834339?ntype=RANKING
108,2023-01-05,YTN,4,"우크라 ""러시아군 막사 동시다발 공격...1,200여명 사상""",https://n.news.naver.com/article/052/0001834302?ntype=RANKING
109,2023-01-05,YTN,5,"국정원 ""北 무인기, 용산 대통령실 촬영 가능성...보유량 500대""",https://n.news.naver.com/article/052/0001834378?ntype=RANKING
110,2023-01-05,연합뉴스,1,작년말 광안리해수욕장 드론쇼서 2대 추락…관람객 부상,https://n.news.naver.com/article/001/0013684693?ntype=RANKING
111,2023-01-05,연합뉴스,2,인천서 도주한 중국인 확진자 검거…아내와 호텔서 은신(종합3보),https://n.news.naver.com/article/001/0013684601?ntype=RANKING
112,2023-01-05,연합뉴스,3,"영국 해리왕자 ""형에게 폭행당해…개밥그릇 파편에 다쳐""(종합)",https://n.news.naver.com/article/001/0013684687?ntype=RANKING
113,2023-01-05,연합뉴스,4,"우크라, 연초 러 막사 동시다발 포격…""1천200명 무력화""",https://n.news.naver.com/article/001/0013684312?ntype=RANKING
114,2023-01-05,연합뉴스,5,김진욱 공수처장 '시무식 찬송가' 논란…불교계 반발,https://n.news.naver.com/article/001/0013684676?ntype=RANKING
115,2023-01-05,TV조선,1,"[단독] 檢, 천화동인 1~7호 수익금 모두 몰수…범죄 수익 환수 본격화",https://n.news.naver.com/article/448/0000389868?ntype=RANKING
116,2023-01-05,TV조선,2,이기영 또 거짓말?…동거녀 시신 수색 사흘째 '허탕',https://n.news.naver.com/article/448/0000389874?ntype=RANKING
117,2023-01-05,TV조선,3,"[단독] 도주 중국인, 허위 연락처 적고도 무사 입국했다",https://n.news.naver.com/article/448/0000389870?ntype=RANKING
118,2023-01-05,TV조선,4,"""쌈 채소 먹기도 힘드네""…상추값 한달 새 3배 폭등했다",https://n.news.naver.com/article/448/0000389873?ntype=RANKING
119,2023-01-05,TV조선,5,"[단독] 檢, '대장동 400억 투입' 투자사 대표 조사…""정보 미리 알아"" 실토",https://n.news.naver.com/article/448/0000389869?ntype=RANKING
120,2023-01-05,KBS,1,"[제보] 고속도로 달리던 전기차, 30초 만에 ‘속도 0’…“배터리 배선 불량”",https://n.news.naver.com/article/056/0011405683?ntype=RANKING
121,2023-01-05,KBS,2,[단독] “빌라왕 여러 명 거느린 배후 조직 있다”…법인 세워 버젓이 영업,https://n.news.naver.com/article/056/0011405673?ntype=RANKING
122,2023-01-05,KBS,3,[단독] 숨진 빌라왕도 그의 아래 있었다…위임장 쓰고 모든 권한 넘겨,https://n.news.naver.com/article/056/0011405674?ntype=RANKING
123,2023-01-05,KBS,4,공사비 3억 빼돌려 도박 자금…도 넘은 지역 농협 횡령,https://n.news.naver.com/article/056/0011405690?ntype=RANKING
124,2023-01-05,KBS,5,국정원 “대통령실 촬영 가능성”…“대통령 사과” “대책 강구”,https://n.news.naver.com/article/056/0011405677?ntype=RANKING
125,2023-01-05,한국경제,1,삼성 반도체 '반토막' 예고…용인·화성 지자체도 '초비상',https://n.news.naver.com/article/015/0004796408?ntype=RANKING
126,2023-01-05,한국경제,2,합성 아니야?…320만원짜리 한정판 구찌 옷에 한글이 '깜짝',https://n.news.naver.com/article/015/0004796304?ntype=RANKING
127,2023-01-05,한국경제,3,"""이게 장사지 보상이냐""…카카오, 무료 서비스 지급에 '역풍'",https://n.news.naver.com/article/015/0004796462?ntype=RANKING
128,2023-01-05,한국경제,4,"롯데백화점, 불문율 깼다…1층에 서 있는 '노인'의 정체 [이선아의 걷다가 예술]",https://n.news.naver.com/article/015/0004796390?ntype=RANKING
129,2023-01-05,한국경제,5,"BTS RM, 화엄사 차담내용 공개에 '난색'…""다음엔 다른 절로""",https://n.news.naver.com/article/015/0004796447?ntype=RANKING
130,2023-01-05,동아일보,1,경찰대 출신 ‘고시 3관왕’의 몰락…지하철 몰카 징역 확정,https://n.news.naver.com/article/020/0003472176?ntype=RANKING
131,2023-01-05,동아일보,2,당뇨병·혈관 건강에도 효과…매일 ‘이것’ 마셔보세요,https://n.news.naver.com/article/020/0003472235?ntype=RANKING
132,2023-01-05,동아일보,3,"성사땐 세계 1위 삼성 위협…‘낸드 2, 4위’ 美-日업체 합병 협상 재개",https://n.news.naver.com/article/020/0003472242?ntype=RANKING
133,2023-01-05,동아일보,4,"“합성 아닌가요?” 한글로 ‘구찌’ 새긴 신상품, 진짜였다",https://n.news.naver.com/article/020/0003472211?ntype=RANKING
134,2023-01-05,동아일보,5,대학 정원내 학과 신설-폐지 자율로…이주호 “규제 제로화 추진”,https://n.news.naver.com/article/020/0003472249?ntype=RANKING
135,2023-01-05,조선비즈,1,"경찰, 이재명 ‘대리처방 의혹’ 무혐의… 직접 지시 증거 없어",https://n.news.naver.com/article/366/0000867781?ntype=RANKING
136,2023-01-05,조선비즈,2,"오세훈, 면담 공개방송 하자는 전장연에 “만남엔 조건 없어야”",https://n.news.naver.com/article/366/0000867784?ntype=RANKING
137,2023-01-05,조선비즈,3,"서울시, 깡통전세 피해 청년·신혼부부 대출 상환 4년 유예",https://n.news.naver.com/article/366/0000867795?ntype=RANKING
138,2023-01-05,조선비즈,4,오스템임플란트 흔드는 강성부펀드…2대 주주 턱밑까지 왔다,https://n.news.naver.com/article/366/0000867791?ntype=RANKING
139,2023-01-05,조선비즈,5,"軍, ‘北무인기 경호 구역 침범’ 시인...“보도 혼란 초래해 유감”",https://n.news.naver.com/article/366/0000867792?ntype=RANKING
140,2023-01-05,뉴시스,1,"메가커피 가맹점주들, '손흥민 광고비' 이달부터 각출",https://n.news.naver.com/article/003/0011629174?ntype=RANKING
141,2023-01-05,뉴시스,2,'가장 궁핍한 억만장자'…고양이 캔 먹으며 생활 중인 67억 자산가,https://n.news.naver.com/article/003/0011629224?ntype=RANKING
142,2023-01-05,뉴시스,3,35m 아래로 추락한 베트남 어린이…사망 추정,https://n.news.naver.com/article/003/0011629052?ntype=RANKING
143,2023-01-05,뉴시스,4,"""10만원 초반대 에어팟 나올까""…애플 '에어팟 라이트' 출시설",https://n.news.naver.com/article/003/0011628740?ntype=RANKING
144,2023-01-05,뉴시스,5,"尹대통령 ""교과과정 100년 전에 머물러…사고방식 바꿔야""",https://n.news.naver.com/article/003/0011629468?ntype=RANKING
145,2023-01-05,서울신문,1,49만원 VIP티켓이 400만원으로…中팬심 불붙인 ‘韓 걸그룹’,https://n.news.naver.com/article/081/0003330241?ntype=RANKING
146,2023-01-05,서울신문,2,“죽은 아내 인형과 같이 살아요”…4000만원 들인 ‘아내 인형’,https://n.news.naver.com/article/081/0003330376?ntype=RANKING
147,2023-01-05,서울신문,3,"이기영, 동거녀 살해 후 매달 12회 청소도우미 불러…“범죄 몰랐다”",https://n.news.naver.com/article/081/0003330232?ntype=RANKING
148,2023-01-05,서울신문,4,“이런게 진짜 ‘K-힙’”…합성 논란 부른 구찌 ‘신상품’,https://n.news.naver.com/article/081/0003330369?ntype=RANKING
149,2023-01-05,서울신문,5,"“尹대통령, 어제 北무인기 항적 보고받고 공개 지시”",https://n.news.naver.com/article/081/0003330380?ntype=RANKING
150,2023-01-05,한겨레,1,“보상이라더니 한 달 뒤 유료 전환”…카카오 톡서랍 ‘낚시 보상’ 논란,https://n.news.naver.com/article/028/0002622298?ntype=RANKING
151,2023-01-05,한겨레,2,"두 다리로 걷는 여우, 영국서 목격 [영상]",https://n.news.naver.com/article/028/0002622167?ntype=RANKING
152,2023-01-05,한겨레,3,지갑이 허락해도…머리의 허락이 필요한 구찌의 신상품,https://n.news.naver.com/article/028/0002622325?ntype=RANKING
153,2023-01-05,한겨레,4,"친윤계, 국힘 당 대표 김기현으로 교통정리…나경원은요?",https://n.news.naver.com/article/028/0002622271?ntype=RANKING
154,2023-01-05,한겨레,5,대통령실 “무인기 자료 유출” 공세에 김병주 “한심한 물타기”,https://n.news.naver.com/article/028/0002622322?ntype=RANKING
155,2023-01-05,MBN,1,"장근석 모친, 탈세 혐의 45억 벌금 전액 현금 집행 완료",https://n.news.naver.com/article/057/0001713991?ntype=RANKING
156,2023-01-05,MBN,2,부부싸움 후 아내 목 졸라 살해한 20대…모친 신고로 검거,https://n.news.naver.com/article/057/0001713963?ntype=RANKING
157,2023-01-05,MBN,3,"경찰, 김혜경 '법카 유용' 방조 혐의 경기도청 공무원 2명 검찰 송치",https://n.news.naver.com/article/057/0001714038?ntype=RANKING
158,2023-01-05,MBN,4,"애플, '반값 에어팟' 선보인다…35만원→10만원대 판매",https://n.news.naver.com/article/057/0001713952?ntype=RANKING
159,2023-01-05,MBN,5,[뉴스7/단독] 음성확인서 의무 첫날…중국발 최소 7명 확진,https://n.news.naver.com/article/057/0001714120?ntype=RANKING
160,2023-01-05,연합뉴스TV,1,"해리왕자 ""형한테 폭행당했다…개밥그릇 파편 박혀""",https://n.news.naver.com/article/422/0000577997?ntype=RANKING
161,2023-01-05,연합뉴스TV,2,[단독] 해외번호 '010' 둔갑…피싱 관리책 현장 검거,https://n.news.naver.com/article/422/0000578011?ntype=RANKING
162,2023-01-05,연합뉴스TV,3,"국정원 ""북 리용호, 숙청 확인…처형은 확인 안돼""",https://n.news.naver.com/article/422/0000578005?ntype=RANKING
163,2023-01-05,연합뉴스TV,4,중국발 입국자 양성률 31%…입국 전 검사로 줄 듯,https://n.news.naver.com/article/422/0000578009?ntype=RANKING
164,2023-01-05,연합뉴스TV,5,"나경원 등판 여부, 전대 최대 변수로…권성동은 불출마",https://n.news.naver.com/article/422/0000578006?ntype=RANKING
165,2023-01-05,블로터,1,"신동빈 회장, ‘주가 관리’ 지시했는데…무거워진 각사 CEO 어깨",https://n.news.naver.com/article/293/0000042040?ntype=RANKING
166,2023-01-05,블로터,2,"LGD, 2023년엔 반등할까…중소형 OLED 수익성 ‘관건’",https://n.news.naver.com/article/293/0000042044?ntype=RANKING
167,2023-01-05,블로터,3,[CES 23 라이브]집에선 애플과도 '한 몸'…확 달라질 삼성의 '초(超)연결' 스마트홈,https://n.news.naver.com/article/293/0000042041?ntype=RANKING
168,2023-01-05,블로터,4,[공시분석]'IPO 혹한기' 속 '상장 잠정 연기'…샌즈랩은 다르다? ,https://n.news.naver.com/article/293/0000042045?ntype=RANKING
169,2023-01-05,블로터,5,콧대높은 금융사가 스타트업 '핀다'와 상생관계 맺는 이유는?,https://n.news.naver.com/article/293/0000042042?ntype=RANKING
170,2023-01-05,한국일보,1,"'6미터 거리'에서 스친 미국 정찰기 vs 중국 전투기... ""누가 먼저 도발했나""",https://n.news.naver.com/article/469/0000716815?ntype=RANKING
171,2023-01-05,한국일보,2,"중국, 코로나 확산에도 '독불장군'...""백신 필요 없고 정보 제공도 잘하고 있다""",https://n.news.naver.com/article/469/0000716879?ntype=RANKING
172,2023-01-05,한국일보,3,"""또 고향 못 가나요""… 中 확진자 급증에 국내 유학생들도 한숨",https://n.news.naver.com/article/469/0000716876?ntype=RANKING
173,2023-01-05,한국일보,4,"""팔고 싶어 판 게 아니다""...나치 피해자 후손, 일본 보험사에 ""고흐 '해바라기' 내놔라"" 소송",https://n.news.naver.com/article/469/0000716851?ntype=RANKING
174,2023-01-05,한국일보,5,"김밥 셔틀, 현금 갈취... 대형은행 부장 '갑질'에 들끓은 '공분'",https://n.news.naver.com/article/469/0000716803?ntype=RANKING
175,2023-01-05,미디어오늘,1,검찰 '현직 법무부장관 명예훼손' KBS기자 기소 파장,https://n.news.naver.com/article/006/0000116256?ntype=RANKING
176,2023-01-05,미디어오늘,2,'네이버 뒷돈 받은 편향 팩트체크' 국민의힘 주장 적절한가,https://n.news.naver.com/article/006/0000116265?ntype=RANKING
177,2023-01-05,미디어오늘,3,"군 ""무인기 침투 안했다""는 공개 브리핑, ""침투 가능성 높다""는 비공개 백브리핑",https://n.news.naver.com/article/006/0000116261?ntype=RANKING
178,2023-01-05,미디어오늘,4,"[영상] 이태원 국정감사, 서울경찰청장 답변에 민주당 의원들 반응이",https://n.news.naver.com/article/006/0000116264?ntype=RANKING
179,2023-01-05,미디어오늘,5,"정우택, 뉴스피해자가 조정 관할 선택하는 언론중재법 개정안 발의",https://n.news.naver.com/article/006/0000116263?ntype=RANKING
180,2023-01-05,프레시안,1,"박지원, 이재명 두고 ""대단한 사람, 김대중보다 훨씬 대단""",https://n.news.naver.com/article/002/0002272290?ntype=RANKING
181,2023-01-05,프레시안,2,"김동연 ""이재명, '사법 리스크' 당과 분리하고 당당히 돌파해야""",https://n.news.naver.com/article/002/0002272271?ntype=RANKING
182,2023-01-05,프레시안,3,"박지원, 대통령 인사두고 ""청와대에 호남 하나 있는가""",https://n.news.naver.com/article/002/0002272220?ntype=RANKING
183,2023-01-05,프레시안,4,"나경원, 저출산 승부수 띄웠다 ""애 낳으면 주택 대출 원금 탕감""",https://n.news.naver.com/article/002/0002272296?ntype=RANKING
184,2023-01-05,프레시안,5,"北무인기에 이재명 ""尹, 대국민 사과해야""…유승민도 ""안보 거짓, 심각한 문제""",https://n.news.naver.com/article/002/0002272248?ntype=RANKING
185,2023-01-05,채널A,1,"[단독]“김용, 선거 조직 관리 자금 요구…돈 준다는 놈 천지라고”",https://n.news.naver.com/article/449/0000241375?ntype=RANKING
186,2023-01-05,채널A,2,中 화장터 ‘오픈런’…“하루 9천 명 사망” 추정,https://n.news.naver.com/article/449/0000241379?ntype=RANKING
187,2023-01-05,채널A,3,“아이 낳으면 대출금 탕감”…예산 12조 어떻게?,https://n.news.naver.com/article/449/0000241384?ntype=RANKING
188,2023-01-05,채널A,4,[단독]황수경 통계청장 반대에도…외부자 강신욱 뜻대로 변경,https://n.news.naver.com/article/449/0000241372?ntype=RANKING
189,2023-01-05,채널A,5,"尹 정부, ‘북쪽 24km’까지 들리는 대북확성기 검토",https://n.news.naver.com/article/449/0000241370?ntype=RANKING
190,2023-01-05,노컷뉴스,1,"한달 동안 청와대 14번 이용한 尹…""왜 나왔나?""",https://n.news.naver.com/article/079/0003724617?ntype=RANKING
191,2023-01-05,노컷뉴스,2,"국정원 ""北무인기, 대통령실 촬영했을 가능성""…민주당 '맹폭'",https://n.news.naver.com/article/079/0003724683?ntype=RANKING
192,2023-01-05,노컷뉴스,3,유럽 이상 고온 심각하네…한겨울에 꽃가루 경보 발령,https://n.news.naver.com/article/079/0003724615?ntype=RANKING
193,2023-01-05,노컷뉴스,4,"尹, 김기현·나경원·안철수 잇따라 초청…은근한 윤심 경쟁?[어텐션 뉴스]",https://n.news.naver.com/article/079/0003724633?ntype=RANKING
194,2023-01-05,노컷뉴스,5,"교육부 '유보통합, 교대·사대 전문대학원 체제 전환' 추진",https://n.news.naver.com/article/079/0003724658?ntype=RANKING
195,2023-01-05,아이뉴스24,1,[날씨] 내일(6일) 절기상 '소한'…낮부터 중부지역 눈소식,https://n.news.naver.com/article/031/0000721142?ntype=RANKING
196,2023-01-05,아이뉴스24,2,"""조부상 결석 안 돼"" 연세대 교수 ""강아지 임종, 휴강""",https://n.news.naver.com/article/031/0000721026?ntype=RANKING
197,2023-01-05,아이뉴스24,3,"너무 많이 하는, 너무 많이 아는, 오은영 [원성윤의 人어바웃]",https://n.news.naver.com/article/031/0000721077?ntype=RANKING
198,2023-01-05,아이뉴스24,4,北무인기에 용산 뚫렸는데…도리어 김병주 의원 '추궁',https://n.news.naver.com/article/031/0000721146?ntype=RANKING
199,2023-01-05,아이뉴스24,5,아버지 대역 구해 13억 대출 받은 30대 아들,https://n.news.naver.com/article/031/0000720896?ntype=RANKING
200,2023-01-05,시사저널,1,"한숨 쉰 '비윤' 허은아, 활짝 웃은 '친윤' 배현진",https://n.news.naver.com/article/586/0000050451?ntype=RANKING
201,2023-01-05,시사저널,2,이런 '前 대통령' 없었다?…文 존재감 커진 이유는,https://n.news.naver.com/article/586/0000050445?ntype=RANKING
202,2023-01-05,시사저널,3,이기영 집 방문한 6명 DNA 국과수로…시신 유기장소 또 거짓말?,https://n.news.naver.com/article/586/0000050453?ntype=RANKING
203,2023-01-05,시사저널,4,"'양날의 검' 김건희 여사의 등판…과감한 내조, 기대 반 우려 반",https://n.news.naver.com/article/586/0000050419?ntype=RANKING
204,2023-01-05,시사저널,5,"尹대통령, 김기현 이어 안철수·나경원도 '관저 초청'…속내는?",https://n.news.naver.com/article/586/0000050446?ntype=RANKING
205,2023-01-05,ZDNet Korea,1,"카카오, 대국민 피해 보상 하고도 논란…왜?",https://n.news.naver.com/article/092/0002278819?ntype=RANKING
206,2023-01-05,ZDNet Korea,2,"넥슨 ""카트라이더, 3월31일 서비스 종료…6개월 결제액 환불""",https://n.news.naver.com/article/092/0002278828?ntype=RANKING
207,2023-01-05,ZDNet Korea,3,"[CES 2023] AMD, 3D V캐시 탑재 '라이젠 7000X3D' 공개",https://n.news.naver.com/article/092/0002278787?ntype=RANKING
208,2023-01-05,ZDNet Korea,4,"성기능 회복 도와줄 생체모방 소재, 돼지에서 효과 확인",https://n.news.naver.com/article/092/0002278761?ntype=RANKING
209,2023-01-05,ZDNet Korea,5,"""억대 연봉자만 모여""...드라마앤컴퍼니, '리멤버 블랙' 오픈",https://n.news.naver.com/article/092/0002278699?ntype=RANKING
210,2023-01-05,SBS Biz,1,전화기 다시 울린다…아파트값 역대급 하락세 멈췄다,https://n.news.naver.com/article/374/0000317411?ntype=RANKING
211,2023-01-05,SBS Biz,2,"발표 전인데…삼전, LG 실적 심상찮다",https://n.news.naver.com/article/374/0000317412?ntype=RANKING
212,2023-01-05,SBS Biz,3,대출은 '팍팍' 예금은 '뚝뚝'…은행들 이자장사 오지네,https://n.news.naver.com/article/374/0000317424?ntype=RANKING
213,2023-01-05,SBS Biz,4,"[단독] 경찰, 남양 홍원식 회장 '불가리스 사태' 주가조작 재수사",https://n.news.naver.com/article/374/0000317426?ntype=RANKING
214,2023-01-05,SBS Biz,5,[씨레라] '절친서 라이벌로' 오너 3세 맞대결 정기선·김동관…뒤늦은 '해외 드라이브' 농심 신동원,https://n.news.naver.com/article/374/0000317381?ntype=RANKING
215,2023-01-05,비즈니스워치,1,"카카오, 서비스 장애 보상시작…이모티콘 지급",https://n.news.naver.com/article/648/0000012841?ntype=RANKING
216,2023-01-05,비즈니스워치,2,유통가 '재벌집 아들들' 전면 등판…왕관의 무게 견딜까,https://n.news.naver.com/article/648/0000012814?ntype=RANKING
217,2023-01-05,비즈니스워치,3,"[집잇슈]분양가상한제 해제, '미분양' 우려속 분양가 오를까",https://n.news.naver.com/article/648/0000012823?ntype=RANKING
218,2023-01-05,비즈니스워치,4,[CEO씽킹맵]위기 속 이재용 회장의 '뉴삼성',https://n.news.naver.com/article/648/0000012834?ntype=RANKING
219,2023-01-05,비즈니스워치,5,"[영상]""규제완화 효과? 올해 내내 집값 떨어져요""",https://n.news.naver.com/article/648/0000012840?ntype=RANKING
220,2023-01-05,강원일보,1,"[속보]""윤 대통령, 北무인기 비행금지구역 진입 사실 보고 받고 국민에 공개하라 지시""",https://n.news.naver.com/article/087/0000945407?ntype=RANKING
221,2023-01-05,강원일보,2,격리 거부하고 달아난 중국인 확진자 서울 호텔서 검거…영종도 호텔로 압송,https://n.news.naver.com/article/087/0000945274?ntype=RANKING
222,2023-01-05,강원일보,3,종부세·양도세 중과 폐지 등 세부담 감소 효과 전국 아파트값 10주 만에 최대 하락 멈춰,https://n.news.naver.com/article/087/0000945355?ntype=RANKING
223,2023-01-05,강원일보,4,"이재명 ""北무인기 용산 비행은 안보 참사…尹대통령 사과하고 책임자 문책해야""",https://n.news.naver.com/article/087/0000945390?ntype=RANKING
224,2023-01-05,강원일보,5,자동차 보닛 안으로 들어가는 고양이…왜?,https://n.news.naver.com/article/087/0000945203?ntype=RANKING
225,2023-01-05,매일신문,1,"이기영, 고양이 수영장에 빠뜨리고 '웃음'…전문가 ""동물학대, 사이코패스 특징""",https://n.news.naver.com/article/088/0000792150?ntype=RANKING
226,2023-01-05,매일신문,2,시무식서 찬송가 부르며 눈물 쏟은 김진욱 공수처장…불교계는 사퇴요구,https://n.news.naver.com/article/088/0000792148?ntype=RANKING
227,2023-01-05,매일신문,3,"나경원 ""결혼자금 대출+출산시 원금 탕감도 검토…과감한 정책 필요""",https://n.news.naver.com/article/088/0000792134?ntype=RANKING
228,2023-01-05,매일신문,4,"대통령실 ""尹 대통령, 北 무인기 최종 항적 4일에 보고받았다…국민에게 공개 지시도""",https://n.news.naver.com/article/088/0000792147?ntype=RANKING
229,2023-01-05,매일신문,5,"국정원 ""김정은, 둘째 딸 동행? 세습정치 의지 보여주는 것""…후계자 가능성엔 '신중'",https://n.news.naver.com/article/088/0000792139?ntype=RANKING
230,2023-01-05,부산일보,1,코로나보다 무서운 금리 쇼크,https://n.news.naver.com/article/082/0001192333?ntype=RANKING
231,2023-01-05,부산일보,2,"WHO ""중국 코로나 입원자 수 일주일 새 50% 가까이 증가""",https://n.news.naver.com/article/082/0001192336?ntype=RANKING
232,2023-01-05,부산일보,3,"검거된 중국인 확진자, 함께 입국한 아내 만나 호텔서 은신(종합)",https://n.news.naver.com/article/082/0001192329?ntype=RANKING
233,2023-01-05,부산일보,4,"‘파사드 공법’ 논란 오페라하우스, 최종 결정 앞두고도 ‘잡음’",https://n.news.naver.com/article/082/0001192334?ntype=RANKING
234,2023-01-05,부산일보,5,채용 비리 사태로 교수 안 뽑겠다더니… 임용 강행하는 부산대,https://n.news.naver.com/article/082/0001192317?ntype=RANKING
235,2023-01-05,헬스조선,1,입가 잘 튼다면… ‘이 영양소’ 부족한 탓일 수도,https://n.news.naver.com/article/346/0000057101?ntype=RANKING
236,2023-01-05,헬스조선,2,체중 감량부터 혈당 조절까지… 음식에 ‘이것’ 넣으세요,https://n.news.naver.com/article/346/0000057099?ntype=RANKING
237,2023-01-05,헬스조선,3,"피부 좋아진다는 ‘스킨부스터’, 잘못 쓰다 피부괴사까지",https://n.news.naver.com/article/346/0000057126?ntype=RANKING
238,2023-01-05,헬스조선,4,질염 치료 어렵지 않은데… 방치했다가 골반에 ‘이런’ 일이,https://n.news.naver.com/article/346/0000057095?ntype=RANKING
239,2023-01-05,헬스조선,5,면허 없이 28년 진료한 '가짜 의사' 잡혀,https://n.news.naver.com/article/346/0000057119?ntype=RANKING
240,2023-01-05,디지털타임스,1,"나경원, 저출산 승부수 띄웠다…""셋째 낳으면 주택 대출 원금 전액 탕감""",https://n.news.naver.com/article/029/0002776978?ntype=RANKING
241,2023-01-05,디지털타임스,2,"‘청담동 술자리’ 제보자, 이제 ‘나꼼수’ 김용민과 싸우나…“첼리스트 쪽에 붙었나?”",https://n.news.naver.com/article/029/0002777046?ntype=RANKING
242,2023-01-05,디지털타임스,3,`文케어`라더니 날아든 고지서에 `화들짝`…5대 사회보험료 부담 44.7% 급증,https://n.news.naver.com/article/029/0002776917?ntype=RANKING
243,2023-01-05,디지털타임스,4,"길 가던 40대 여성에 `묻지마 폭행`…무서운 중학생들, 1명 구속",https://n.news.naver.com/article/029/0002776963?ntype=RANKING
244,2023-01-05,디지털타임스,5,역효과 알면서도… `한동훈 때리기` 집착하는 민주당 왜?,https://n.news.naver.com/article/029/0002777031?ntype=RANKING
245,2023-01-05,디지털데일리,1,네이버·구글서 ‘김치용 배추’ 번역했더니... 中 파오차이가 왜,https://n.news.naver.com/article/138/0002140226?ntype=RANKING
246,2023-01-05,디지털데일리,2,"카카오, 무료서비스 전국민 첫 보상…‘이모티콘’ 받으세요",https://n.news.naver.com/article/138/0002140230?ntype=RANKING
247,2023-01-05,디지털데일리,3,"새 출발선에 선 ‘카트라이더’, 후속작 드리프트로 게임성·리그 더 키운다[종합]",https://n.news.naver.com/article/138/0002140279?ntype=RANKING
248,2023-01-05,디지털데일리,4,"택시호출 앱 안심번호, 진짜 안심할 수 있나요?",https://n.news.naver.com/article/138/0002140231?ntype=RANKING
249,2023-01-05,디지털데일리,5,"“연봉 1억원 넘나요?” 리멤버, 억대 연봉 채용관 출시",https://n.news.naver.com/article/138/0002140255?ntype=RANKING
250,2023-01-05,대구MBC,1,[단독] 현대자동차에 '미승인 부속품' 납품 드러나,https://n.news.naver.com/article/657/0000010481?ntype=RANKING
251,2023-01-05,대구MBC,2,당장 폐교도 이상하지 않은 지역대···지원 '0명' 속출,https://n.news.naver.com/article/657/0000010482?ntype=RANKING
252,2023-01-05,대구MBC,3,[심층] 등록금 1년 면제까지 내걸었지만···14개 학부 중 10곳이 지원자 '0명',https://n.news.naver.com/article/657/0000010478?ntype=RANKING
253,2023-01-05,대구MBC,4,[약손+] 잇몸 건강을 지켜라 ③치주질환의 증상,https://n.news.naver.com/article/657/0000010448?ntype=RANKING
254,2023-01-05,대구MBC,5,'길 가던 여성 마구 때린' 중학생들 구속·소년원 유치,https://n.news.naver.com/article/657/0000010466?ntype=RANKING
255,2023-01-05,조세일보,1,"美바이든, 우크라軍에 브래들리 장갑차 보낸다",https://n.news.naver.com/article/123/0002294451?ntype=RANKING
256,2023-01-05,조세일보,2,"[속보] 국정원 ""北 리용호 숙청 확인, 처형 여부는 확인 안 돼""",https://n.news.naver.com/article/123/0002294492?ntype=RANKING
257,2023-01-05,조세일보,3,[2022년 연말정산] ③사람이 우선이다… '인적공제'의 모든 것,https://n.news.naver.com/article/123/0002294418?ntype=RANKING
258,2023-01-05,조세일보,4,"""겨울철 보온 옷차림…하지 정맥류 유발 주의""",https://n.news.naver.com/article/123/0002294470?ntype=RANKING
259,2023-01-05,조세일보,5,"'사업자 866만명' 부가세 납부, 27일까지…경영 피해시 납기 미룰수도",https://n.news.naver.com/article/123/0002294463?ntype=RANKING
260,2023-01-05,시사IN,1,"기소된 가상화폐 제국 FTX 창업자, 왜 워싱턴이 술렁이나",https://n.news.naver.com/article/308/0000032059?ntype=RANKING
261,2023-01-05,시사IN,2,"연준의 미래가 궁금하다면, 연준의 과거를 보라",https://n.news.naver.com/article/308/0000032057?ntype=RANKING
262,2023-01-05,시사IN,3,누가 왜 약물에 의존하게 되는가,https://n.news.naver.com/article/308/0000032058?ntype=RANKING
263,2023-01-05,시사IN,4,10·29 전으로 돌아갈 수 없는 사람들 [취재 뒷담화],https://n.news.naver.com/article/308/0000032056?ntype=RANKING
264,2023-01-05,시사IN,5,‘은행들의 은행’ 중앙은행은 어떻게 생겨났을까,https://n.news.naver.com/article/308/0000032052?ntype=RANKING
265,2023-01-05,뉴스타파,1,"미국은 녹조로 사상 최대 댐 철거, 한국은 보 철거 뒤집는 중",https://n.news.naver.com/article/607/0000001347?ntype=RANKING
266,2023-01-05,뉴스타파,2,김만배 240억대 비자금...‘50억 클럽’ 박영수 전 특검에 돌려서 건넨 정황,https://n.news.naver.com/article/607/0000001344?ntype=RANKING
267,2023-01-05,뉴스타파,3,'유족 명단 없었다' 이상민 장관의 거짓말 증거 입수... 서울시 내부 자료,https://n.news.naver.com/article/607/0000001345?ntype=RANKING
268,2023-01-05,주간동아,1,반려동물 ‘수분해장’ 아시나요?,https://n.news.naver.com/article/037/0000031826?ntype=RANKING
269,2023-01-05,주간동아,2,비움과 채움 균형 잡힌 새해 되시길! [SynchroniCITY],https://n.news.naver.com/article/037/0000031825?ntype=RANKING
270,2023-01-05,주간동아,3,절세형 금융상품 가입으로 저축+세제 혜택 동시에!,https://n.news.naver.com/article/037/0000031823?ntype=RANKING
271,2023-01-05,주간동아,4,"매콤·달콤 씨가 톡톡, 건강한 단맛 ‘딸기 고추장’",https://n.news.naver.com/article/037/0000031824?ntype=RANKING
272,2023-01-05,주간동아,5,SM의 과거 히트곡 활용법,https://n.news.naver.com/article/037/0000031827?ntype=RANKING
273,2023-01-05,매경이코노미,1,대박인 줄 알았는데 쪽박?  생활형숙박시설 “무피·마피에도 안 팔려요”,https://n.news.naver.com/article/024/0000079294?ntype=RANKING
274,2023-01-05,매경이코노미,2,외벌이 6쌍 중 1쌍 “아내가 돈 벌고 남편이 집안일”,https://n.news.naver.com/article/024/0000079312?ntype=RANKING
275,2023-01-05,매경이코노미,3,하반기 매수 적기…송파 입성 노려볼 만,https://n.news.naver.com/article/024/0000079290?ntype=RANKING
276,2023-01-05,매경이코노미,4,지분 높은 ‘꿈의 50층’…부담금 공포는 여전,https://n.news.naver.com/article/024/0000079295?ntype=RANKING
277,2023-01-05,매경이코노미,5,테슬라의 교훈,https://n.news.naver.com/article/024/0000079292?ntype=RANKING
278,2023-01-05,코리아헤럴드,1,S. Korean military admits N.Korean drone entered presidential office no-fly zone,https://n.news.naver.com/article/044/0000242618?ntype=RANKING
279,2023-01-05,코리아헤럴드,2,[Newsmaker] [Herald Interview] ‘Why does no one ever apologize?’ cries family of tunnel fire victim,https://n.news.naver.com/article/044/0000242613?ntype=RANKING
280,2023-01-05,코리아헤럴드,3,Three artists offer time to think about time,https://n.news.naver.com/article/044/0000242604?ntype=RANKING
281,2023-01-05,코리아헤럴드,4,Seoul City scraps building height limit after 9 years,https://n.news.naver.com/article/044/0000242606?ntype=RANKING
282,2023-01-05,코리아헤럴드,5,Pre-entry negative COVID-19 tests required for all China arrivals,https://n.news.naver.com/article/044/0000242607?ntype=RANKING
283,2023-01-05,한겨레21,1,“누구도 혼자 죽어서는 안 되잖아요”,https://n.news.naver.com/article/036/0000047582?ntype=RANKING
284,2023-01-05,한겨레21,2,"‘치워봐라, 내가 치워지나’ 천막에서 차 소리 들으며 잠든 밤",https://n.news.naver.com/article/036/0000047580?ntype=RANKING
285,2023-01-05,한겨레21,3,꺾이지 않는 ‘올해의 결심’,https://n.news.naver.com/article/036/0000047583?ntype=RANKING
286,2023-01-05,한겨레21,4,성인과 어른의 차이점은 무엇인가요,https://n.news.naver.com/article/036/0000047578?ntype=RANKING
287,2023-01-05,한겨레21,5,공짜 점심은 없다,https://n.news.naver.com/article/036/0000047581?ntype=RANKING
288,2023-01-05,더팩트,1,"경제력 남한 2000분의 1 북한, 무슨 돈으로 '초대형 방사포' 등 무기 만드나",https://n.news.naver.com/article/629/0000194105?ntype=RANKING
289,2023-01-05,더팩트,2,"""北 리용호 전 외무상 숙청 확인…구체적 배경 보고 없어""",https://n.news.naver.com/article/629/0000194167?ntype=RANKING
290,2023-01-05,더팩트,3,KF-21(보라매) 3호기 첫 비행에서 37분간 날았다,https://n.news.naver.com/article/629/0000194172?ntype=RANKING
291,2023-01-05,더팩트,4,"인도,  K9 '바지라' 자주포 100문 추가 도입 착수",https://n.news.naver.com/article/629/0000193987?ntype=RANKING
292,2023-01-05,더팩트,5,"""조만간 좋은 소식"" 예고 후 벌써 1년…삼성전자 빅딜 언제쯤",https://n.news.naver.com/article/629/0000194053?ntype=RANKING
293,2023-01-05,주간경향,1,경북 영양 두들마을 - 차가운 겨울 따스한 한옥[정태겸의 풍경](39),https://n.news.naver.com/article/033/0000045109?ntype=RANKING
294,2023-01-05,주간경향,2,“돈봉투 부스럭 소리까지 있다”[주간 舌전],https://n.news.naver.com/article/033/0000045106?ntype=RANKING
295,2023-01-05,주간경향,3,사필귀정! 법치만세![시사 2판4판],https://n.news.naver.com/article/033/0000045107?ntype=RANKING
296,2023-01-05,주간경향,4,국세청 복지세정관리단 출범에 부쳐[조정목의 함께하는 세상(稅上) 이야기](2),https://n.news.naver.com/article/033/0000045108?ntype=RANKING
297,2023-01-05,주간경향,5,세종시는 폐의약품 ‘우체통에’[우정이야기],https://n.news.naver.com/article/033/0000045110?ntype=RANKING
298,2023-01-05,kbc광주방송,1,‘공동핵연습‘ 등등..‘4성 장군’ 출신 김병주 “尹 개념 부족..뭔 얘기인지 몰라”[여의도초대석],https://n.news.naver.com/article/660/0000025535?ntype=RANKING
299,2023-01-05,kbc광주방송,2,쓰려고 보니 유효기간 종료..모바일 상품권 60% 유효기간 3개월 이하,https://n.news.naver.com/article/660/0000025510?ntype=RANKING
300,2023-01-05,kbc광주방송,3,"이모티콘 3종이 '무료'..카카오, 먹통 사태 피해 보상",https://n.news.naver.com/article/660/0000025512?ntype=RANKING
301,2023-01-05,kbc광주방송,4,"""SRT 타고 여수 가자""..SRT 전라선 운행 확정",https://n.news.naver.com/article/660/0000025511?ntype=RANKING
302,2023-01-05,kbc광주방송,5,"文 정부서 무인기 탐지, 요격 장비 갖췄는데도 '용산' 뚫려..‘허위보고’ 의혹도[여의도초대석]",https://n.news.naver.com/article/660/0000025529?ntype=RANKING
303,2023-01-05,코메디닷컴,1,﻿콜레스테롤 많지만… 적당히 먹으면 몸에 좋은 식품 4,https://n.news.naver.com/article/296/0000061913?ntype=RANKING
304,2023-01-05,코메디닷컴,2,﻿자연 해독! 우리 몸의 독소 배출에 도움 주는 식품 6,https://n.news.naver.com/article/296/0000061946?ntype=RANKING
305,2023-01-05,코메디닷컴,3,"체중 감량 돕는 ‘이 식초’, 몸에 놀라운 변화가?",https://n.news.naver.com/article/296/0000061933?ntype=RANKING
306,2023-01-05,코메디닷컴,4,"녹차 티백, 물 속에 몇 분? 무서운 ‘중금속’ 줄이는 법",https://n.news.naver.com/article/296/0000061916?ntype=RANKING
307,2023-01-05,코메디닷컴,5,얼굴의 이상 징후...“얼굴은 건강의 거울”,https://n.news.naver.com/article/296/0000061950?ntype=RANKING
308,2023-01-05,머니S,1,이기영 차량 속 혈흔은 숨진 택시기사… 계획범죄 가능성도 제기,https://n.news.naver.com/article/417/0000884375?ntype=RANKING
309,2023-01-05,머니S,2,"""X팔려 중국에 오지마""… 中 누리꾼, 한국서 '격리 거부' 내국인에 분노",https://n.news.naver.com/article/417/0000884365?ntype=RANKING
310,2023-01-05,머니S,3,4명 중 1명 한국행 비행기 못 타… 中 입국자 사전검사 첫날 결과,https://n.news.naver.com/article/417/0000884381?ntype=RANKING
311,2023-01-05,머니S,4,전매제한 1년·실거주 의무 폐지… 규제완화 폭탄 수혜자 '둔촌주공',https://n.news.naver.com/article/417/0000884166?ntype=RANKING
312,2023-01-05,머니S,5,"[단독]NH투자증권, 다음달 업계 첫 다이렉트인덱싱 선보인다… 6일 베타테스트",https://n.news.naver.com/article/417/0000884373?ntype=RANKING
313,2023-01-05,코리아중앙데일리,1,Quarantine bolter nabbed in hotel in downtown Seoul,https://n.news.naver.com/article/640/0000033516?ntype=RANKING
314,2023-01-05,코리아중앙데일리,2,"[THINK ENGLISH] 한국 최초의 달 궤도선 다누리, 예정보다 빨리 무사히 궤도 진입 성공",https://n.news.naver.com/article/640/0000033427?ntype=RANKING
315,2023-01-05,코리아중앙데일리,3,Yoon Suk Yeol may walk away from joint declaration with Pyongyang,https://n.news.naver.com/article/640/0000033512?ntype=RANKING
316,2023-01-05,코리아중앙데일리,4,Military admits North Korean drone got near president's office,https://n.news.naver.com/article/640/0000033505?ntype=RANKING
317,2023-01-05,코리아중앙데일리,5,Couple gets year of fried chicken after hosting Koreans during blizzard,https://n.news.naver.com/article/640/0000033518?ntype=RANKING
318,2023-01-05,이코노미스트,1,[얼마예요] ‘회장님 딸’ 알고보니 검소…‘삼성가’ 이원주가 꽂힌 패션은,https://n.news.naver.com/article/243/0000037636?ntype=RANKING
319,2023-01-05,이코노미스트,2,프라다 ‘나일론 백’도 300만원 육박…새해부터 치솟는 ‘명품 몸값 ’,https://n.news.naver.com/article/243/0000037576?ntype=RANKING
320,2023-01-05,이코노미스트,3,"“지난주랑 분위기 다르네요”…둔촌주공, ‘1·3 대책’ 힘받나",https://n.news.naver.com/article/243/0000037631?ntype=RANKING
321,2023-01-05,이코노미스트,4,"‘당구 여제’ 김가영, LPBA 통산 5승 달성…역대 최다승 ‘우뚝’",https://n.news.naver.com/article/243/0000037625?ntype=RANKING
322,2023-01-05,이코노미스트,5,[올해 달라집니다] 최저임금 지난해보다 5% 오른다…시간당 9620원,https://n.news.naver.com/article/243/0000037607?ntype=RANKING
323,2023-01-05,월간 산,1,[우도 쇠머리오름] 날 것 그대로의 제주를 압축한 소 한 마리,https://n.news.naver.com/article/094/0000010598?ntype=RANKING
324,2023-01-05,월간 산,2,페리에 차를 싣고 지중해를 건너 이탈리아로,https://n.news.naver.com/article/094/0000010599?ntype=RANKING
325,2023-01-05,월간 산,3,"금메달 5개 걸린 산악스키, 한국은 아직 걸음마",https://n.news.naver.com/article/094/0000010597?ntype=RANKING
326,2023-01-05,월간 산,4,"계묘년, 토끼 이름 봉우리 찾았는데 산토끼는 어디 갔을까?",https://n.news.naver.com/article/094/0000010595?ntype=RANKING
327,2023-01-05,월간 산,5,"[경상도의 명산] 새해, 상서로운 아침의 산",https://n.news.naver.com/article/094/0000010594?ntype=RANKING
328,2023-01-05,일다,1,스마트한 농업은 누구에게 이윤을 가져다 주나요?,https://n.news.naver.com/article/007/0000007271?ntype=RANKING
329,2023-01-05,일다,2,내 ‘최애’가 성범죄자였다? ‘망한 덕질’ 이후,https://n.news.naver.com/article/007/0000007270?ntype=RANKING
330,2023-01-05,일다,3,기후위기 해법 “우리가 연결되어 있음을 인식하는 것”,https://n.news.naver.com/article/007/0000007272?ntype=RANKING
331,2023-01-05,신동아,1,尹대통령을 가장 싫어하는 사람? 1975년생 사무직!,https://n.news.naver.com/article/262/0000016174?ntype=RANKING
332,2023-01-05,신동아,2,"文 탈북자 강제 북송, 김정은 키우고 통일 좌절시켰다",https://n.news.naver.com/article/262/0000016167?ntype=RANKING
333,2023-01-05,신동아,3,한국은 껍데기만 근대화된 불완전한 근대화 상태,https://n.news.naver.com/article/262/0000016172?ntype=RANKING
334,2023-01-05,신동아,4,"친일, 반일 논쟁하는 사이 북핵 위기만 고조됐다",https://n.news.naver.com/article/262/0000016168?ntype=RANKING
335,2023-01-05,신동아,5,"세계경제, 긴축·파편화 속 억눌린 회복 걸을 듯",https://n.news.naver.com/article/262/0000016171?ntype=RANKING
336,2023-01-05,주간조선,1,"오세훈, 전장연 공개면담 거부...""선전장으로 만들려 해""",https://n.news.naver.com/article/053/0000034057?ntype=RANKING
337,2023-01-05,주간조선,2,"도주하다 잡힌 확진 중국인...자국민마저 ""나라망신""",https://n.news.naver.com/article/053/0000034056?ntype=RANKING
338,2023-01-05,주간조선,3,'니하오마(잘 지내니)' 대신 '니양러마(너 걸렸니)',https://n.news.naver.com/article/053/0000034046?ntype=RANKING
339,2023-01-05,주간조선,4,"진술 번복 이기영...전문가 ""경찰 가지고 놀며 허세 떨어""",https://n.news.naver.com/article/053/0000034048?ntype=RANKING
340,2023-01-05,주간조선,5,"해리왕자 ""형한테 폭행당했다"" 폭로 자서전 출간",https://n.news.naver.com/article/053/0000034058?ntype=RANKING
341,2023-01-05,동아사이언스,1,1년에 체중 20% 빼주는 약…환호와 우려 엇갈려,https://n.news.naver.com/article/584/0000021439?ntype=RANKING
342,2023-01-05,동아사이언스,2,"은하 사이 '떠돌이별' 기원 종지부...""암흑물질 추적자""",https://n.news.naver.com/article/584/0000021443?ntype=RANKING
343,2023-01-05,동아사이언스,3,종양을 유전자 교정해 암 사멸 유도...새로운 항암 가능성 제시,https://n.news.naver.com/article/584/0000021445?ntype=RANKING
344,2023-01-05,동아사이언스,4,"WHO ""중국 코로나 사망자 수 축소…정확한 통계 공개 촉구""",https://n.news.naver.com/article/584/0000021442?ntype=RANKING
345,2023-01-05,동아사이언스,5,알프스 스키장 일부 문닫아...유럽 이상 고온 기후재앙 '성큼',https://n.news.naver.com/article/584/0000021446?ntype=RANKING
346,2023-01-05,기자협회보,1,"'녹취록 오보' KBS 기자, 한동훈 명예훼손 혐의 기소",https://n.news.naver.com/article/127/0000033537?ntype=RANKING
347,2023-01-05,기자협회보,2,"KBS기자협회 ""녹취록 오보 어떠한 의도 없었다""",https://n.news.naver.com/article/127/0000033539?ntype=RANKING
348,2023-01-05,기자협회보,3,"""매출 800억원 돌파…'비정상의 정상화' 이뤄져""",https://n.news.naver.com/article/127/0000033536?ntype=RANKING
349,2023-01-05,대전일보,1,"검찰, 대전 현대아울렛 참사 관계자 영장 반려...""보완 수사""",https://n.news.naver.com/article/656/0000039553?ntype=RANKING
350,2023-01-05,대전일보,2,이기영 집 혈흔 '미상 DNA'…마지막 주인은 청소도우미,https://n.news.naver.com/article/656/0000039509?ntype=RANKING
351,2023-01-05,대전일보,3,"대통령실 ""尹, 4일 北무인기 항적 보고받고 국민에 공개 지시""",https://n.news.naver.com/article/656/0000039554?ntype=RANKING
352,2023-01-05,대전일보,4,집값 2년간 10-20% 떨어지면…충청 5건 중 1건은 '깡통전세',https://n.news.naver.com/article/656/0000039521?ntype=RANKING
353,2023-01-05,대전일보,5,"민주 ""尹, 대통령실 졸속 이전…뻔질나게 청와대 드나들어""",https://n.news.naver.com/article/656/0000039519?ntype=RANKING
354,2023-01-05,한경비즈니스,1,중고차업 호황 끝? 할부 금리 20% 육박…“팰리세이드·싼타페 등 산더미”,https://n.news.naver.com/article/050/0000063581?ntype=RANKING
355,2023-01-05,한경비즈니스,2,"“승진 누락, 원동력이 사라졌습니다” [안주연의 다시, 연결]",https://n.news.naver.com/article/050/0000063585?ntype=RANKING
356,2023-01-05,한경비즈니스,3,"중저 신용자 대출 ‘목표 달성’한 인터넷 은행, 건전성은 괜찮을까",https://n.news.naver.com/article/050/0000063584?ntype=RANKING
357,2023-01-05,한경비즈니스,4,임대 주택 분양 전환 시 ‘계속 거주’하기 위해 갖춰야 할 요건[최유민의 법으로 읽는 부동산],https://n.news.naver.com/article/050/0000063587?ntype=RANKING
358,2023-01-05,한경비즈니스,5,"프로야, 중국의 ‘애국 소비’ 수혜주[돈 되는 해외 주식]",https://n.news.naver.com/article/050/0000063583?ntype=RANKING
359,2023-01-05,JIBS,1,"제주 '몰린다 몰린다' 했더니.. ""댕댕이, 1년 1만 마리 이상 하늘길 오갔다""",https://n.news.naver.com/article/661/0000018451?ntype=RANKING
360,2023-01-05,JIBS,2,영하 40도 기압골에 ‘덜덜’.. 12월 제주공항  멈출만했네,https://n.news.naver.com/article/661/0000018460?ntype=RANKING
361,2023-01-05,JIBS,3,"아파트 청약, 경쟁률도 '극과 극'.. 신청 '0'명도",https://n.news.naver.com/article/661/0000018459?ntype=RANKING
362,2023-01-05,JIBS,4,"국토부, 제2공항 사업 재개 공식화",https://n.news.naver.com/article/661/0000018469?ntype=RANKING
363,2023-01-05,JIBS,5,"오영훈 ""도민 배제 국토부 제2공항 발표, 심각한 문제 초래할 수도""",https://n.news.naver.com/article/661/0000018463?ntype=RANKING
364,2023-01-05,여성신문,1,[세계는 지금] 우크라이나 전쟁의 또 다른 무기 '정보' ,https://n.news.naver.com/article/310/0000102859?ntype=RANKING
365,2023-01-05,여성신문,2,부모급여 1000만원 시대… 25일부터 월 70만원 지급,https://n.news.naver.com/article/310/0000102856?ntype=RANKING
366,2023-01-05,여성신문,3,"올리비아 핫세, 55년 만에 미투 소송… ""15세 때 성착취 당해""",https://n.news.naver.com/article/310/0000102861?ntype=RANKING
367,2023-01-05,여성신문,4,"경찰, 이태원 참사 경찰청장·행안부·서울시 책임 묻지 않기로",https://n.news.naver.com/article/310/0000102865?ntype=RANKING
368,2023-01-05,여성신문,5,오현주 주교황청 대사 임명… 대사직 첫 여성,https://n.news.naver.com/article/310/0000102863?ntype=RANKING
369,2023-01-05,강원도민일보,1,강원도에서 모기매개감염병 '치쿤구니아열' 환자 최초 발생,https://n.news.naver.com/article/654/0000029351?ntype=RANKING
370,2023-01-05,강원도민일보,2,"[속보] 특수본, 최성범 용산소방서장 불구속…경찰청장 '무혐의', 행안부·서울시도 불송치",https://n.news.naver.com/article/654/0000029332?ntype=RANKING
371,2023-01-05,강원도민일보,3,내일 오후부터 전국 눈·비…7일 낮까지 강원산지 최대 10㎝↑·내륙 3~8㎝,https://n.news.naver.com/article/654/0000029331?ntype=RANKING
372,2023-01-05,강원도민일보,4,"민주 ""尹대통령은 한달에 14번 청와대 찾을 거면 왜 나온건가""",https://n.news.naver.com/article/654/0000029358?ntype=RANKING
373,2023-01-05,강원도민일보,5,"[속보] 국정원 ""北무인기 5대 침투…대통령실 촬영 가능성·소형 500대 보유""",https://n.news.naver.com/article/654/0000029357?ntype=RANKING
374,2023-01-05,국제신문,1,"대통령실 ""尹대통령, 北무인기 항적 4일 보고받고 국민에 공개 지시""",https://n.news.naver.com/article/658/0000029703?ntype=RANKING
375,2023-01-05,국제신문,2,[60초 뉴스]서점 매출 효자 '드라마 대본집',https://n.news.naver.com/article/658/0000029686?ntype=RANKING
376,2023-01-05,국제신문,3,"""테슬라 아시아 공장 품어라"" 부산·경남 유치전",https://n.news.naver.com/article/658/0000029698?ntype=RANKING
377,2023-01-05,국제신문,4,[뭐라노]테슬라 공장 부산에 유치한다면,https://n.news.naver.com/article/658/0000029702?ntype=RANKING
378,2023-01-05,국제신문,5,공시생 억울한 죽음 관련 부산교육청 직원 중징계,https://n.news.naver.com/article/658/0000029692?ntype=RANKING
379,2023-01-05,전주MBC,1,"""지역상품권으로 7억 현금 깡"".. 보조금 가로챈 신협 이사장",https://n.news.naver.com/article/659/0000008246?ntype=RANKING
380,2023-01-05,전주MBC,2,'회원 명단' 왜 유출됐나.. '새마을금고' 잡음,https://n.news.naver.com/article/659/0000008245?ntype=RANKING
381,2023-01-05,전주MBC,3,"""중국산 고춧가루 쓰고 국산 표시"".. 김치 가공 업체 압수수색",https://n.news.naver.com/article/659/0000008238?ntype=RANKING
382,2023-01-05,전주MBC,4,"김관영 신년회견.. ""경제 활성화, 특별자치도 집중""",https://n.news.naver.com/article/659/0000008247?ntype=RANKING
383,2023-01-05,전주MBC,5,추진 주체부터 내용까지.. 특별자치도법 큰 차이,https://n.news.naver.com/article/659/0000008244?ntype=RANKING
384,2023-01-05,CJB청주방송,1,31개 동 중 2개 동만 원거리 학교 배정...“왜 우리 아이만”,https://n.news.naver.com/article/655/0000007058?ntype=RANKING
385,2023-01-05,CJB청주방송,2,들쭉날쭉 ‘동물병원 진료비’ 게시 의무화,https://n.news.naver.com/article/655/0000007048?ntype=RANKING
386,2023-01-05,CJB청주방송,3,나영석 PD 충청북도 고향사랑기부제 1호 기부,https://n.news.naver.com/article/655/0000007029?ntype=RANKING
387,2023-01-05,CJB청주방송,4,[충북·세종날씨] 내일 저녁부터 모레 오전까지 눈...낮 최고 4~8도,https://n.news.naver.com/article/655/0000007051?ntype=RANKING
388,2023-01-05,CJB청주방송,5,"원희룡 장관, “충청권 동반 성장 적극 지원”",https://n.news.naver.com/article/655/0000007057?ntype=RANKING
389,2023-01-05,농민신문,1,‘중요한건 꺾이지 않는 마음’…새해 ‘다이어트’를 지키는 7가지 방법,https://n.news.naver.com/article/662/0000012344?ntype=RANKING
390,2023-01-05,농민신문,2,"‘고향사랑기부’에 손이 가요, 손이 가⋯손흥민 등 유명인 참여 봇물",https://n.news.naver.com/article/662/0000012371?ntype=RANKING
391,2023-01-05,농민신문,3,우리 ‘손주’ 혹시?…꼭 알아야 할 ‘ASD’ 초기징후,https://n.news.naver.com/article/662/0000012343?ntype=RANKING
392,2023-01-05,농민신문,4,‘13월 월급’ 받을까⋯연말정산 간소화서비스 15일 개시,https://n.news.naver.com/article/662/0000012372?ntype=RANKING
393,2023-01-05,농민신문,5,"저체중아 출산 위험 3.7배↑…임신부, ‘알프라졸람’ 복용 주의",https://n.news.naver.com/article/662/0000012366?ntype=RANKING
394,2023-01-05,더스쿠프,1,가방끈 긴 자들의 품격 없는 언행,https://n.news.naver.com/article/665/0000000260?ntype=RANKING
395,2023-01-05,더스쿠프,2,카카오 먹통 방지법과 씁쓸한 사후약방문,https://n.news.naver.com/article/665/0000000257?ntype=RANKING
396,2023-01-05,더스쿠프,3,1·3 규제해제 후… 둔촌주공에 쏠린 눈과 1월 17일,https://n.news.naver.com/article/665/0000000259?ntype=RANKING
397,2023-01-05,더스쿠프,4,LG CNS가 '무광고 36년 고집' 버린 이유,https://n.news.naver.com/article/665/0000000254?ntype=RANKING
398,2023-01-05,더스쿠프,5,"가스, 교통, 상하수도 요금 줄줄이… 커피 한잔값은 무슨",https://n.news.naver.com/article/665/0000000255?ntype=RANKING
399,2023-01-05,레이디경향,1,여성에게 나타나는 앞머리 탈모의 원인은?,https://n.news.naver.com/article/145/0000017741?ntype=RANKING
400,2023-01-05,레이디경향,2,운동했는데 얄궂다…체중계 숫자 그대로인 6가지 이유,https://n.news.naver.com/article/145/0000017746?ntype=RANKING
401,2023-01-05,레이디경향,3,건강한 음식 찾는 젊은 ‘디깅족’이 뜬다,https://n.news.naver.com/article/145/0000017742?ntype=RANKING
402,2023-01-05,레이디경향,4,명절 코 앞 ‘더부룩~’ 팽만감 없애는 3가지 생활 습관,https://n.news.naver.com/article/145/0000017739?ntype=RANKING
403,2023-01-05,레이디경향,5,"토끼의 해, 버버리 너마저[퇴근뉴스]",https://n.news.naver.com/article/145/0000017747?ntype=RANKING
404,2023-01-05,경기일보,1,숨진 ‘인천 빌라왕’ 바지사장 의혹 수사 착수,https://n.news.naver.com/article/666/0000001000?ntype=RANKING
405,2023-01-05,경기일보,2,道 공모직 간부 비지원자 발탁 논란,https://n.news.naver.com/article/666/0000001024?ntype=RANKING
406,2023-01-05,경기일보,3,"경찰, 경인아라뱃길 인근 주차 캐러밴서 50대 남성 시신 발견",https://n.news.naver.com/article/666/0000001004?ntype=RANKING
407,2023-01-05,경기일보,4,같은 국적 여성 흉기로 찌르고 투신 시도한 중국인 여성 현행범 체포,https://n.news.naver.com/article/666/0000000995?ntype=RANKING
408,2023-01-05,경기일보,5,위중증 닷새 만에 500명대…중국서 한국행 항공편 탑승 시 음성확인서 필수,https://n.news.naver.com/article/666/0000000989?ntype=RANKING
